country_code,country_name,region,sub_region,year,arrivals_millions,arrivals_growth,tourism_receipts_usd_billions,tourism_receipts_growth,average_length_of_stay_days,arrivals_by_purpose_personal,arrivals_by_purpose_business ,top_source_country_1,top_source_country_1_share,top_source_country_2,top_source_country_2_Share,top_source_country_3,top_source_country_3_share,tourism_gdp,tourism_employment_thousands,renewable_energy,tourist_density_per_1000_residents
FRA,France,Europe,Western Europe,2015,"84,452.00",0.9,66.5,-1,1.78,"72,605.00","11,847.00",Germany,20%,UK,15%,USA,10%,9.7,"2,850",17,"3,075"
FRA,France,Europe,Western Europe,2016,"82,682.00",-2.1,63.4,-4.66,1.76,"71,020.00","11,663.00",Germany,20%,UK,15%,USA,10%,9.5,"2,880",18,"3,070"
FRA,France,Europe,Western Europe,2017,"86,758.00",4.93,67.3,6.15,1.76,"74,916.00","11,842.00",Germany,19%,UK,14%,USA,10%,9.6,"2,920",18,"3,135"
FRA,France,Europe,Western Europe,2018,"89,322.00",2.96,72.7,8.02,1.77,"78,258.00","11,064.00",Germany,19%,UK,14%,USA,10%,9.4,"2,950",19,"3,205"
FRA,France,Europe,Western Europe,2019,"90,914.00",1.78,70.9,-2.48,1.8,"79,652.80","11,261.20",Germany,18%,UK,13%,USA,9%,9.5,"2,970",19,"3,295"
FRA,France,Europe,Western Europe,2020,"41,684.00",-54.15,35.8,-49.51,1.8,"35,848.00","5,836.00",Germany,18%,UK,13%,USA,9%,6.8,"2,100",19,"1,770"
FRA,France,Europe,Western Europe,2021,"48,395.00",16.1,45,25.7,1.8,"41,620.00","6,775.00",Germany,18%,UK,13%,USA,9%,7.6,"2,300",23,"2,137"
FRA,France,Europe,Western Europe,2022,"93,852.00",93.93,68,51.11,1.8,"80,713.00","13,139.00",Germany,18%,UK,13%,USA,9%,8.5,"2,600",23,"2,716"
ESP,Spain,Europe,Southern Europe,2015,"68,175.00",4.98,62.5,-13,3.31,"63,195.90","4,978.80",UK,20%,France,14%,Germany,13%,14.2,"2,750",35,"2,355"
ESP,Spain,Europe,Southern Europe,2016,"75,315.00",10.47,66.8,6.88,3.32,"69,611.30","5,703.70",UK,20%,France,14%,Germany,13%,14.5,"2,800",36,"2,479"
ESP,Spain,Europe,Southern Europe,2017,"81,868.00",8.7,75.3,12.72,3.28,"76,161.70","5,706.70",UK,20%,France,14%,Germany,13%,14.6,"2,850",37,"2,611"
ESP,Spain,Europe,Southern Europe,2018,"82,808.00",1.15,81.7,8.5,3.23,"77,171.60","5,636.80",UK,20%,France,14%,Germany,13%,14.3,"2,900",38,"2,672"
ESP,Spain,Europe,Southern Europe,2019,"83,509.00",0.85,79.7,-2.45,3.15,"77,396.50","6,112.70",UK,20%,France,14%,Germany,13%,14.1,"2,950",38,"2,709"
ESP,Spain,Europe,Southern Europe,2020,"18,933.00",-77.33,18.5,-76.79,2.67,"17,367.60","1,565.50",UK,18%,France,15%,Germany,12%,12.5,"2,200",38,782
ESP,Spain,Europe,Southern Europe,2021,"31,181.00",64.69,34.5,86.49,2.85,"28,910.50","2,270.30",UK,18%,France,15%,Germany,12%,12.8,"2,350",42,"1,109"
ESP,Spain,Europe,Southern Europe,2022,"71,659.00",129.82,72.9,111.3,3.11,"66,706.80","4,952.50",UK,18%,France,15%,Germany,12%,13.2,"2,600",42,"2,253"
USA,United States,Americas,North America,2015,"77,773.50",-0.81,230.6,4,1.64,"58,330.10","19,443.40",Canada,27%,Mexico,22%,UK,6%,8.1,"15,700",8,242
USA,United States,Americas,North America,2016,"76,407.50",-1.76,228.6,-0.87,1.74,"57,305.60","19,101.90",Canada,27%,Mexico,22%,UK,6%,8,"15,800",8,236
USA,United States,Americas,North America,2017,"77,186.70",1.02,233.8,2.27,1.69,"57,890.10","19,296.70",Canada,27%,Mexico,22%,UK,6%,8,"15,900",9,232
USA,United States,Americas,North America,2018,"79,745.90",3.32,242,3.51,1.76,"59,809.40","19,936.50",Canada,27%,Mexico,22%,UK,6%,8,"16,000",10,244
USA,United States,Americas,North America,2019,"79,442.00",-0.38,239.1,-1.2,1.81,"59,581.50","19,860.50",Canada,27%,Mexico,22%,UK,6%,7.8,"16,100",11,243
USA,United States,Americas,North America,2020,"19,212.00",-75.82,84.3,-64.74,1.13,"14,409.00","4,803.00",Canada,25%,Mexico,20%,UK,5%,3.4,"5,500",11,596
USA,United States,Americas,North America,2021,"22,280.00",15.97,84.2,-0.12,0.8,"16,710.00","5,570.00",Canada,25%,Mexico,20%,UK,5%,4.6,"6,500",12,681
USA,United States,Americas,North America,2022,"50,870.00",128.32,165.5,96.56,1.51,"38,152.50","12,717.50",Canada,25%,Mexico,20%,UK,5%,7.6,"14,000",12,155
CHN,China,Asia,Eastern Asia,2015,"56,886.00",2.27,45,-5,2.71,"45,850.10","11,035.90",South,15%,Vietnam,9%,Japan,5%,9.8,"28,200",20,97
CHN,China,Asia,Eastern Asia,2016,"59,270.00",4.19,44.4,-1.33,2.71,"47,771.60","11,498.40",South,15%,Vietnam,9%,Japan,5%,10.2,"29,000",21,103
CHN,China,Asia,Eastern Asia,2017,"60,740.00",2.48,32.6,-26.58,2.71,"48,956.40","11,783.60",South,15%,Vietnam,9%,Japan,5%,11,"29,800",23,111
CHN,China,Asia,Eastern Asia,2018,"62,900.00",3.56,40.4,23.93,2.71,"50,697.40","12,202.60",South,15%,Vietnam,9%,Japan,5%,11.3,"30,500",25,114
CHN,China,Asia,Eastern Asia,2019,"65,725.00",4.49,35.8,-11.39,2.71,"52,974.40","12,750.70",South,15%,Vietnam,9%,Japan,5%,11,"31,000",26,117
CHN,China,Asia,Eastern Asia,2020,"7,967.00",-87.88,14.2,-60.34,2.21,"6,421.40","1,545.60",South,14%,Vietnam,8%,Japan,4%,5.3,"12,000",27,20
CHN,China,Asia,Eastern Asia,2021,"4,845.00",-39.19,8.2,-42.25,2.71,"3,905.10",939.9,South,14%,Vietnam,8%,Japan,4%,5.7,"13,500",29,19
CHN,China,Asia,Eastern Asia,2022,"21,463.00",342.99,9.6,17.07,2.71,"17,299.20","4,163.80",South,14%,Vietnam,8%,Japan,4%,6.8,"25,000",30,18
ITA,Italy,Europe,Southern Europe,2015,"50,732.00",4.44,41.5,-13,2.95,"42,614.90","8,117.10",Germany,19%,France,12%,Austria,8%,13.2,"3,150",40,"1,335"
ITA,Italy,Europe,Southern Europe,2016,"52,372.00",3.23,42.3,1.93,2.97,"43,992.50","8,379.50",Germany,19%,France,12%,Austria,8%,13.1,"3,200",40,"1,376"
ITA,Italy,Europe,Southern Europe,2017,"58,253.00",11.23,46.4,9.69,2.93,"48,932.50","9,320.50",Germany,19%,France,12%,Austria,8%,13,"3,250",40,"1,455"
ITA,Italy,Europe,Southern Europe,2018,"61,567.20",5.69,51.8,11.64,2.89,"51,716.40","9,850.80",Germany,19%,France,12%,Austria,8%,13,"3,300",40,"1,509"
ITA,Italy,Europe,Southern Europe,2019,"64,513.00",4.78,52,0.39,2.87,"54,190.90","10,322.10",Germany,19%,France,12%,Austria,8%,13.1,"3,350",40,"1,544"
ITA,Italy,Europe,Southern Europe,2020,"25,190.00",-60.95,20.2,-61.15,3.16,"21,159.60","4,030.40",Germany,18%,France,11%,Austria,7%,8.7,"2,300",40,622
ITA,Italy,Europe,Southern Europe,2021,"26,888.00",6.74,25.5,26.24,3.68,"22,585.90","4,302.10",Germany,18%,France,11%,Austria,7%,9.2,"2,500",42,650
ITA,Italy,Europe,Southern Europe,2022,"49,811.00",85.25,47.8,87.45,3.48,"41,841.20","7,969.80",Germany,18%,France,11%,Austria,7%,10.8,"3,000",42,"1,202"
THA,Thailand,Asia,Southeast Asia,2015,"29,923.00",20.61,44.9,17,2.24,"25,434.00","4,489.00",China,27%,Malaysia,10%,South Korea,5%,21.7,"6,700",10,432
THA,Thailand,Asia,Southeast Asia,2016,"32,530.00",8.71,48.5,8.02,2.25,"27,651.00","4,879.00",China,27%,Malaysia,10%,South Korea,5%,21.6,"6,800",11,470
THA,Thailand,Asia,Southeast Asia,2017,"35,592.00",9.41,57.1,17.73,2.28,"33,959.00","1,632.90",China,27%,Malaysia,10%,South Korea,5%,21.5,"6,900",12,514
THA,Thailand,Asia,Southeast Asia,2018,"38,178.00",7.27,61.4,7.53,2.27,"36,121.50","2,056.70",China,27%,Malaysia,10%,South Korea,5%,20.7,"7,000",13,551
THA,Thailand,Asia,Southeast Asia,2019,"39,916.00",4.55,64.4,4.89,2.26,"37,872.80","2,043.50",China,27%,Malaysia,10%,South Korea,5%,20.3,"7,100",14,576
THA,Thailand,Asia,Southeast Asia,2020,"6,725.00",-83.15,15.4,-76.09,2.26,"6,483.30",241.8,China,25%,Malaysia,9%,South Korea,4%,11.3,"3,500",14,97
THA,Thailand,Asia,Southeast Asia,2021,511,-92.4,5,-67.53,2.26,466.3,44.4,China,25%,Malaysia,9%,South Korea,4%,10,"3,000",15,72
THA,Thailand,Asia,Southeast Asia,2022,"20,214.00",3855.77,40,700,2.26,"17,181.00","3,032.00",China,25%,Malaysia,9%,South Korea,4%,15.8,"6,000",16,291
TUR,Turkey,Europe,Western Asia,2015,"39,478.00",-0.84,35.7,-8,3.09,"37,898.90","1,579.10",Germany,14%,Russia,10%,UK,6%,12.1,"2,300",30,511
TUR,Turkey,Europe,Western Asia,2016,"30,289.00",-23.28,26.8,-24.93,2.6,"29,077.40","1,211.60",Germany,14%,Russia,10%,UK,6%,11.8,"2,350",31,385
TUR,Turkey,Europe,Western Asia,2017,"37,601.00",24.14,29.1,8.58,2.52,"36,097.00","1,504.00",Germany,14%,Russia,10%,UK,6%,11.9,"2,400",32,473
TUR,Turkey,Europe,Western Asia,2018,"45,768.00",21.72,37.2,27.84,2.65,"43,937.30","1,830.70",Germany,14%,Russia,10%,UK,6%,11.6,"2,450",33,560
TUR,Turkey,Europe,Western Asia,2019,"51,192.00",11.85,41.3,11.02,2.61,"49,144.30","2,047.70",Germany,14%,Russia,10%,UK,6%,11.5,"2,500",34,625
TUR,Turkey,Europe,Western Asia,2020,"15,894.00",-68.95,13.6,-67.07,2.28,"15,258.20",635.8,Germany,13%,Russia,9%,UK,5%,8.2,"1,800",34,189
TUR,Turkey,Europe,Western Asia,2021,"29,925.00",88.28,28.8,111.76,2.49,"28,728.00","1,197.00",Germany,13%,Russia,9%,UK,5%,9,"2,000",35,375
TUR,Turkey,Europe,Western Asia,2022,"50,453.00",68.6,41.7,44.79,2.56,"48,434.90","2,018.10",Germany,13%,Russia,9%,UK,5%,10.2,"2,300",36,643
MEX,Mexico,Americas,North America,2015,"32,093.00",9.36,18.7,13,3.95,"30,702.30","1,391.00",USA,70%,Canada,8%,UK,4%,15.9,"4,500",10,692
MEX,Mexico,Americas,North America,2016,"35,079.00",9.3,20.6,10.16,3.69,"33,451.00","1,628.00",USA,70%,Canada,8%,UK,4%,15.5,"4,600",11,779
MEX,Mexico,Americas,North America,2017,"39,291.00",12.01,22.5,9.22,3.49,"37,355.30","1,935.70",USA,70%,Canada,8%,UK,4%,15.2,"4,700",12,869
MEX,Mexico,Americas,North America,2018,"41,313.00",5.15,26,15.56,3.44,"39,310.30","2,002.40",USA,70%,Canada,8%,UK,4%,15.3,"4,800",13,893
MEX,Mexico,Americas,North America,2019,"45,024.00",8.98,27.1,4.23,3.36,"43,133.70","1,890.70",USA,70%,Canada,8%,UK,4%,15.5,"4,900",14,988
MEX,Mexico,Americas,North America,2020,"24,824.00",-44.86,12.1,-55.35,3.33,"23,785.30",498.3,USA,68%,Canada,7%,UK,3%,13.4,"3,500",14,539
MEX,Mexico,Americas,North America,2021,"31,860.00",28.34,21.5,77.69,3.52,"31,286.80",573.6,USA,68%,Canada,7%,UK,3%,13.8,"3,800",15,708
MEX,Mexico,Americas,North America,2022,"38,325.60",20.29,30.4,41.4,3.72,"37,183.40","1,142.10",USA,68%,Canada,7%,UK,3%,14.1,"4,500",16,843
ARE,United Arab Emirates,Asia,Western Asia,2015,"16,842.00",3.76,25.6,68,3.26,"12,631.50","4,210.50",India,15%,Saudi Arabia,10%,UK,8%,11.8,700,5,"1,948"
ARE,United Arab Emirates,Asia,Western Asia,2016,"18,143.00",7.72,28.7,12.11,3.23,"13,607.30","4,535.80",India,15%,Saudi Arabia,10%,UK,8%,11.9,720,6,"2,024"
ARE,United Arab Emirates,Asia,Western Asia,2017,"19,168.00",5.65,29.7,3.48,3.17,"14,376.00","4,792.00",India,15%,Saudi Arabia,10%,UK,8%,12,740,7,"2,127"
ARE,United Arab Emirates,Asia,Western Asia,2018,"20,214.00",5.46,34.6,16.5,3.16,"15,160.50","5,053.50",India,15%,Saudi Arabia,10%,UK,8%,11.8,760,8,"2,261"
ARE,United Arab Emirates,Asia,Western Asia,2019,"21,561.00",6.66,38.4,10.98,3.13,"16,170.80","5,390.30",India,15%,Saudi Arabia,10%,UK,8%,11.7,780,9,"2,460"
ARE,United Arab Emirates,Asia,Western Asia,2020,"7,165.00",-66.77,24.6,-35.94,3.66,"5,373.80","1,791.30",India,14%,Saudi Arabia,9%,UK,7%,9,500,10,"1,036"
ARE,United Arab Emirates,Asia,Western Asia,2021,"11,479.00",60.21,30,21.95,4,"8,609.30","2,869.80",India,14%,Saudi Arabia,9%,UK,7%,9.5,550,12,"1,815"
ARE,United Arab Emirates,Asia,Western Asia,2022,"19,033.00",65.81,36,20,3.38,"14,274.80","4,758.30",India,14%,Saudi Arabia,9%,UK,7%,10.7,700,15,"2,703"
JPN,Japan,Asia,Eastern Asia,2015,"19,737.00",47.15,27.3,31,1.33,"18,096.00","1,641.00",China,25%,South Korea,15%,Taiwan,10%,7.9,"4,200",8,147
JPN,Japan,Asia,Eastern Asia,2016,"24,039.00",21.8,33.4,22.34,1.32,"22,337.80","1,701.90",China,25%,South Korea,15%,Taiwan,10%,8,"4,300",9,189
JPN,Japan,Asia,Eastern Asia,2017,"28,691.00",19.35,37,10.78,1.32,"26,908.40","1,782.70",China,25%,South Korea,15%,Taiwan,10%,8.2,"4,400",10,226
JPN,Japan,Asia,Eastern Asia,2018,"31,192.00",8.72,45.3,22.43,1.33,"29,396.60","1,795.20",China,25%,South Korea,15%,Taiwan,10%,8.3,"4,500",11,246
JPN,Japan,Asia,Eastern Asia,2019,"31,882.00",2.21,49.2,8.61,1.34,"30,124.60","1,757.40",China,25%,South Korea,15%,Taiwan,10%,8.2,"4,600",12,252
JPN,Japan,Asia,Eastern Asia,2020,"4,115.80",-87.09,11.5,-76.63,1.33,"3,899.80",216,China,23%,South Korea,14%,Taiwan,9%,3.8,"1,800",13,33
JPN,Japan,Asia,Eastern Asia,2021,246,-94.02,5.4,-53.04,1.33,227.5,18.3,China,23%,South Korea,14%,Taiwan,9%,4,"2,000",15,2
JPN,Japan,Asia,Eastern Asia,2022,"3,832.00",1457.72,11,103.7,1.35,"3,409.70",422.4,China,23%,South Korea,14%,Taiwan,9%,5.6,"4,000",17,30
HRV,Croatia,Europe,Southern Europe,2015,"12,683.00",9.12,8.2,-8,3.58,"10,780.60","1,902.50",Germany,20%,Slovenia,12%,Austria,8%,19.5,300,45,"1,318"
HRV,Croatia,Europe,Southern Europe,2016,"13,809.00",8.88,9.1,10.98,3.59,"11,737.70","2,071.40",Germany,20%,Slovenia,12%,Austria,8%,19.8,310,46,"1,359"
HRV,Croatia,Europe,Southern Europe,2017,"15,593.00",12.92,10.3,13.19,3.49,"13,254.10","2,339.00",Germany,20%,Slovenia,12%,Austria,8%,20,320,47,"1,398"
HRV,Croatia,Europe,Southern Europe,2018,"16,645.00",6.75,11.4,10.68,3.39,"14,148.30","2,496.80",Germany,20%,Slovenia,12%,Austria,8%,20.1,330,48,"1,361"
HRV,Croatia,Europe,Southern Europe,2019,"17,353.00",4.25,12,5.26,3.27,"14,750.10","2,603.00",Germany,20%,Slovenia,12%,Austria,8%,20,340,49,"1,417"
HRV,Croatia,Europe,Southern Europe,2020,"5,545.00",-68.05,5.5,-54.17,3.64,"4,713.30",831.8,Germany,18%,Slovenia,11%,Austria,7%,15.6,250,50,510
HRV,Croatia,Europe,Southern Europe,2021,"10,641.00",91.9,10.9,98.18,3.85,"9,044.90","1,596.20",Germany,18%,Slovenia,11%,Austria,7%,16.5,270,52,805
HRV,Croatia,Europe,Southern Europe,2022,"15,324.00",44.01,14,28.44,3.56,"13,025.40","2,298.60",Germany,18%,Slovenia,11%,Austria,7%,17.8,300,53,"1,181"
ISL,Iceland,Europe,Northern Europe,2015,"1,289.00",29.29,2.8,7,1.71,"1,160.10",128.9,USA,25%,UK,15%,Germany,10%,10,35,100,"4,139"
ISL,Iceland,Europe,Northern Europe,2016,"1,792.00",39.02,3.8,35.71,1.72,"1,612.80",179.2,USA,25%,UK,15%,Germany,10%,10.5,38,100,"5,635"
ISL,Iceland,Europe,Northern Europe,2017,"2,225.00",24.16,4.7,23.68,1.68,"2,002.50",222.5,USA,25%,UK,15%,Germany,10%,11,40,100,"7,014"
ISL,Iceland,Europe,Northern Europe,2018,"2,343.80",5.34,4.8,2.13,1.64,"2,109.40",234.4,USA,25%,UK,15%,Germany,10%,11.5,42,100,"7,413"
ISL,Iceland,Europe,Northern Europe,2019,"2,013.00",-14.11,3.8,-20.83,1.62,"1,811.70",201.3,USA,25%,UK,15%,Germany,10%,11,44,100,"6,561"
ISL,Iceland,Europe,Northern Europe,2020,486.3,-75.84,0.8,-78.95,1.7,437.7,48.6,USA,23%,UK,14%,Germany,9%,6.5,25,100,"1,454"
ISL,Iceland,Europe,Northern Europe,2021,698,43.53,1.6,100,1.65,628.2,69.8,USA,23%,UK,14%,Germany,9%,7.2,28,100,"2,136"
ISL,Iceland,Europe,Northern Europe,2022,"1,704.50",144.2,3.4,112.5,1.67,"1,534.10",170.5,USA,23%,UK,14%,Germany,9%,9,35,100,"4,348"
RWA,Rwanda,Africa,Eastern Africa,2015,"1,217.00",6.75,0.4,14,2.71,791.1,426,DRC,50%,Uganda,20%,Kenya,15%,8.5,250,15,95
RWA,Rwanda,Africa,Eastern Africa,2016,"1,292.00",6.16,0.4,0,2.71,839.8,452.2,DRC,50%,Uganda,20%,Kenya,15%,8.7,260,16,113
RWA,Rwanda,Africa,Eastern Africa,2017,"1,482.00",14.71,0.5,25,2.71,963.3,518.7,DRC,50%,Uganda,20%,Kenya,15%,8.9,270,17,119
RWA,Rwanda,Africa,Eastern Africa,2018,"1,619.00",9.24,0.5,0,2.71,"1,052.40",566.7,DRC,50%,Uganda,20%,Kenya,15%,9,280,18,143
RWA,Rwanda,Africa,Eastern Africa,2019,"1,544.00",-4.63,0.6,20,2.71,"1,003.60",540.4,DRC,50%,Uganda,20%,Kenya,15%,9.1,290,19,133
RWA,Rwanda,Africa,Eastern Africa,2020,460,-70.21,0.2,-66.67,2.21,299,161,DRC,45%,Uganda,18%,Kenya,13%,6.2,200,20,33
RWA,Rwanda,Africa,Eastern Africa,2021,480,4.35,0.3,50,2.71,312,168,DRC,45%,Uganda,18%,Kenya,13%,6.8,220,22,181
RWA,Rwanda,Africa,Eastern Africa,2022,"1,252.00",160.83,0.5,66.67,2.71,813.8,438.2,DRC,45%,Uganda,18%,Kenya,13%,7.5,250,25,117
VNM,Vietnam,Asia,South-Eastern Asia,2015,"7,555.00",0.89,7.4,-1,2.6,"6,044.00","1,511.00",China,30%,South Korea,15%,Japan,10%,6.7,"3,800",10,86
VNM,Vietnam,Asia,South-Eastern Asia,2016,"10,013.00",32.53,8.5,14.86,2.6,"8,010.00","2,003.00",China,30%,South Korea,15%,Japan,10%,6.9,"3,900",11,109
VNM,Vietnam,Asia,South-Eastern Asia,2017,"12,922.00",29.05,8.9,4.71,2.6,"10,338.00","2,584.00",China,30%,South Korea,15%,Japan,10%,7.2,"4,000",12,140
VNM,Vietnam,Asia,South-Eastern Asia,2018,"15,498.00",19.93,10.1,13.48,2.6,"12,398.00","3,100.00",China,30%,South Korea,15%,Japan,10%,7.5,"4,100",13,168
VNM,Vietnam,Asia,South-Eastern Asia,2019,"18,009.00",16.2,11.8,16.83,2.6,"14,407.00","3,602.00",China,30%,South Korea,15%,Japan,10%,7.6,"4,200",14,195
VNM,Vietnam,Asia,South-Eastern Asia,2020,"3,837.00",-78.69,3.2,-72.88,2.1,"3,070.00",767,China,28%,South Korea,14%,Japan,9%,4,"1,600",15,42
VNM,Vietnam,Asia,South-Eastern Asia,2021,157,-95.91,0.2,-93.75,2.6,126,31,China,28%,South Korea,14%,Japan,9%,4.5,"1,800",16,40
VNM,Vietnam,Asia,South-Eastern Asia,2022,"3,661.00",2231.85,9.5,4650,2.6,"2,929.00",732,China,28%,South Korea,14%,Japan,9%,5.8,"3,500",18,240
GEO,Georgia,Asia,Western Asia,2015,"3,012.00",2.48,2,4,4,"2,740.90",271.1,Russia,19%,Turkey,14%,Armenia,10%,7.4,150,80,405
GEO,Georgia,Asia,Western Asia,2016,"3,297.00",9.46,2.3,15,4,"3,000.30",296.7,Russia,19%,Turkey,14%,Armenia,10%,7.6,155,81,416
GEO,Georgia,Asia,Western Asia,2017,"4,069.40",23.43,3,30.43,4,"3,703.20",366.2,Russia,19%,Turkey,14%,Armenia,10%,7.8,160,82,512
GEO,Georgia,Asia,Western Asia,2018,"4,757.00",16.9,3.5,16.67,4,"4,328.90",428.1,Russia,19%,Turkey,14%,Armenia,10%,8,165,83,567
GEO,Georgia,Asia,Western Asia,2019,"5,080.40",6.8,3.6,2.86,4,"4,623.20",457.2,Russia,19%,Turkey,14%,Armenia,10%,8.1,170,84,665
GEO,Georgia,Asia,Western Asia,2020,"1,087.00",-78.6,0.6,-83.33,4,989.2,97.8,Russia,17%,Turkey,13%,Armenia,9%,5.5,110,85,146
GEO,Georgia,Asia,Western Asia,2021,"1,577.00",45.08,1.5,150,4,"1,435.10",141.9,Russia,17%,Turkey,13%,Armenia,9%,6,120,86,166
GEO,Georgia,Asia,Western Asia,2022,"3,653.00",131.64,2.8,86.67,4,"3,324.20",328.8,Russia,17%,Turkey,13%,Armenia,9%,6.5,150,87,454